"Id","Name"
"0015g00001X9WdjAAF","Edge Communications"
"0015g00001X9WdkAAF","Burlington Textiles Corp of America"
"0015g00001X9WdlAAF","Pyramid Construction Inc."
"0015g00001X9WdmAAF","Dickenson plc"
"0015g00001X9WdnAAF","Grand Hotels & Resorts Ltd"
"0015g00001X9WdoAAF","United Oil & Gas Corp."
"0015g00001X9WdpAAF","Express Logistics and Transport"
"0015g00001X9WdqAAF","University of Arizona"
"0015g00001X9WdrAAF","United Oil & Gas, UK"
"0015g00001X9WdsAAF","United Oil & Gas, Singapore"
"0015g00001X9WdtAAF","GenePoint"
"0015g00001X9WduAAF","sForce"
"0015g00001X9WdvAAF","Sample Account for Entitlements"
"001J1000004tvWjIAI","Test"
"001J1000004uasNIAQ","Edge Communications"
"001J1000004uasPIAQ","Pyramid Construction Inc."
"001J1000004uasQIAQ","Dickenson plc"
"001J1000004uasRIAQ","Grand Hotels & Resorts Ltd"
"001J1000004uasSIAQ","United Oil & Gas Corp."
"001J1000004uasTIAQ","Express Logistics and Transport"
"001J1000004uasUIAQ","University of Arizona"
"001J1000004uasVIAQ","United Oil & Gas, UK"
"001J1000004uasWIAQ","United Oil & Gas, Singapore"
"001J1000004uasXIAQ","GenePoint"
"001J1000004uasYIAQ","sForce"
"001J1000004uasZIAQ","Sample Account for Entitlements"
"001J1000004uasaIAA","ARData"
"001J1000004ufFIIAY","Edge Communications"
"001J1000004ufFJIAY","Burlington Textiles Corp of America"
"001J1000004ugOaIAI","Edge Communications"
"001J1000004ugObIAI","Burlington Textiles Corp of America"
"001J1000004uhPEIAY","Edge Communications"
"001J1000004uhPFIAY","Burlington Textiles Corp of America"
"001J1000004uhPGIAY","Pyramid Construction Inc."
"001J1000004uhWdIAI","Edge Communications"
"001J1000004uhWeIAI","Burlington Textiles Corp of America"
"001J1000004uhWfIAI","Pyramid Construction Inc."
"001J1000004uhWgIAI","Dickenson plc"
"001J1000004uhcpIAA","Edge Communications"
"001J1000004uhcqIAA","Burlington Textiles Corp of America"
"001J1000004uhcrIAA","Pyramid Construction Inc."
"001J1000004uhcsIAA","Dickenson plc"
"001J1000004uhctIAA","Grand Hotels & Resorts Ltd"
"001J1000004uhcuIAA","United Oil & Gas Corp."
"001J1000004uhcvIAA","Express Logistics and Transport"
"001J1000004uhcwIAA","University of Arizona"
"001J1000004uhcxIAA","United Oil & Gas, UK"
"001J1000004uhcyIAA","United Oil & Gas, Singapore"
"001J1000004uhczIAA","GenePoint"
"001J1000004uhd0IAA","sForce"
"001J1000004uhd1IAA","Sample Account for Entitlements"
"001J1000004uhd2IAA","ARData"
"001J1000004uhd3IAA","TS"
"001J1000004uhdKIAQ","Edge Communications"
"001J1000004uhdLIAQ","Burlington Textiles Corp of America"
"001J1000004uhdMIAQ","Pyramid Construction Inc."
"001J1000004uhdNIAQ","Dickenson plc"
"001J1000004uheHIAQ","Grand Hotels & Resorts Ltd"
"001J1000004uheIIAQ","United Oil & Gas Corp."
"001J1000004uheJIAQ","Express Logistics and Transport"
"001J1000004uheKIAQ","University of Arizona"
"001J1000004uheLIAQ","United Oil & Gas, UK"
"001J1000004uheMIAQ","United Oil & Gas, Singapore"
"001J1000004uheNIAQ","GenePoint"
"001J1000004uheOIAQ","sForce"
"001J1000004uhePIAQ","Sample Account for Entitlements"
"001J1000004uheQIAQ","ARData"
"001J1000004uheRIAQ","TS"
"001J1000004uhf0IAA","Edge Communications"
"001J1000004uhf1IAA","Burlington Textiles Corp of America"
"001J1000004uhf2IAA","Pyramid Construction Inc."
"001J1000004uhf3IAA","Dickenson plc"
"001J1000004uhf4IAA","Grand Hotels & Resorts Ltd"
"001J1000004uhf5IAA","United Oil & Gas Corp."
"001J1000004uhf6IAA","Express Logistics and Transport"
"001J1000004uhf7IAA","University of Arizona"
"001J1000004uhf8IAA","United Oil & Gas, UK"
"001J1000004uhf9IAA","United Oil & Gas, Singapore"
"001J1000004uhfAIAQ","GenePoint"
"001J1000004uhfBIAQ","sForce"
"001J1000004uhfCIAQ","Sample Account for Entitlements"
"001J1000004uhfDIAQ","ARData"
"001J1000004uhfEIAQ","TS"
"001J1000004uhfeIAA","Edge Communications"
"001J1000004uhffIAA","Burlington Textiles Corp of America"
"001J1000004uhfgIAA","Pyramid Construction Inc."
"001J1000004uhfhIAA","Dickenson plc"
"001J1000004uhfiIAA","Grand Hotels & Resorts Ltd"
"001J1000004uhfjIAA","United Oil & Gas Corp."
"001J1000004uhfkIAA","Express Logistics and Transport"
"001J1000004uhflIAA","University of Arizona"
"001J1000004uhfmIAA","United Oil & Gas, UK"
"001J1000004uhfnIAA","United Oil & Gas, Singapore"
"001J1000004uhfoIAA","GenePoint"
"001J1000004uhfpIAA","sForce"
"001J1000004uhfqIAA","Sample Account for Entitlements"
"001J1000004uhfrIAA","ARData"
"001J1000004uhfsIAA","TS"
"001J1000004uhmLIAQ","Grand Hotels & Resorts Ltd"
"001J1000004uhmMIAQ","United Oil & Gas Corp."
"001J1000004uhmNIAQ","Express Logistics and Transport"
"001J1000004uhmOIAQ","University of Arizona"
"001J1000004uhmPIAQ","United Oil & Gas, UK"
"001J1000004uhmQIAQ","United Oil & Gas, Singapore"
"001J1000004uhmRIAQ","GenePoint"
"001J1000004uhmSIAQ","sForce"
"001J1000004uhmTIAQ","Sample Account for Entitlements"
"001J1000004uhmUIAQ","ARData"
"001J1000004uhmVIAQ","TS"
"001J1000004uhmkIAA","Pyramid Construction Inc."
"001J1000004uhmlIAA","Dickenson plc"
"001J1000004uhmmIAA","Grand Hotels & Resorts Ltd"
"001J1000004uhmnIAA","United Oil & Gas Corp."
"001J1000004uhmoIAA","Express Logistics and Transport"
"001J1000004uhmpIAA","University of Arizona"
"001J1000004uhmqIAA","United Oil & Gas, UK"
"001J1000004uhmrIAA","United Oil & Gas, Singapore"
"001J1000004uhmsIAA","GenePoint"
"001J1000004uhmtIAA","sForce"
"001J1000004uhmuIAA","Sample Account for Entitlements"
"001J1000004uhmvIAA","ARData"
"001J1000004uhmwIAA","TS"
"001J1000004uhndIAA","Edge Communications"
"001J1000004uhneIAA","Burlington Textiles Corp of America"
"001J1000004uhnfIAA","Pyramid Construction Inc."
"001J1000004uhngIAA","Dickenson plc"
"001J1000004uhnhIAA","Grand Hotels & Resorts Ltd"
"001J1000004uhniIAA","United Oil & Gas Corp."
"001J1000004uhnjIAA","Express Logistics and Transport"
"001J1000004uhnkIAA","University of Arizona"
"001J1000004uhnlIAA","United Oil & Gas, UK"
"001J1000004uhnmIAA","United Oil & Gas, Singapore"
"001J1000004uhnnIAA","GenePoint"
"001J1000004uhnoIAA","sForce"
"001J1000004uhnpIAA","Sample Account for Entitlements"
"001J1000004uhnqIAA","ARData"
"001J1000004uhnrIAA","TS"
"001J1000004uhuKIAQ","Edge Communications"
"001J1000004uhuLIAQ","Burlington Textiles Corp of America"
"001J1000004uhuMIAQ","Pyramid Construction Inc."
"001J1000004uhuNIAQ","Dickenson plc"
"001J1000004uhuOIAQ","Grand Hotels & Resorts Ltd"
"001J1000004uhuPIAQ","United Oil & Gas Corp."
"001J1000004uhuQIAQ","Express Logistics and Transport"
"001J1000004uhuRIAQ","University of Arizona"
"001J1000004uhuSIAQ","United Oil & Gas, UK"
"001J1000004uhuTIAQ","United Oil & Gas, Singapore"
"001J1000004uhuUIAQ","GenePoint"
"001J1000004uhuVIAQ","sForce"
"001J1000004uhuWIAQ","Sample Account for Entitlements"
"001J1000004uhuXIAQ","ARData"
"001J1000004uhuYIAQ","TS"
"001J1000004uhvmIAA","Dickenson plc"
"001J1000004uhvnIAA","Grand Hotels & Resorts Ltd"
"001J1000004uhvoIAA","United Oil & Gas Corp."
"001J1000004uhvpIAA","Express Logistics and Transport"
"001J1000004uhvqIAA","University of Arizona"
"001J1000004uhvrIAA","United Oil & Gas, UK"
"001J1000004uhvsIAA","United Oil & Gas, Singapore"
"001J1000004uhvtIAA","GenePoint"
"001J1000004uhvuIAA","sForce"
"001J1000004uhvvIAA","Sample Account for Entitlements"
"001J1000004uhvwIAA","ARData"
"001J1000004uhvxIAA","TS"
"001J1000004uhzLIAQ","Edge Communications"
"001J1000004uhzMIAQ","Burlington Textiles Corp of America"
"001J1000004uhzNIAQ","Pyramid Construction Inc."
"001J1000004uhzOIAQ","Dickenson plc"
"001J1000004ui0hIAA","Edge Communications"
"001J1000004ui0iIAA","Burlington Textiles Corp of America"
"001J1000004ui0jIAA","Pyramid Construction Inc."
"001J1000004ui0kIAA","Dickenson plc"
"001J1000004ui0lIAA","Grand Hotels & Resorts Ltd"
"001J1000004ui0mIAA","United Oil & Gas Corp."
"001J1000004ui0nIAA","Express Logistics and Transport"
"001J1000004ui0oIAA","University of Arizona"
"001J1000004ui0pIAA","United Oil & Gas, UK"
"001J1000004ui0qIAA","United Oil & Gas, Singapore"
"001J1000004ui0rIAA","GenePoint"
"001J1000004ui0sIAA","sForce"
"001J1000004ui0tIAA","Sample Account for Entitlements"
"001J1000004ui0uIAA","ARData"
"001J1000004ui0vIAA","TS"
"001J1000004ui1aIAA","Pyramid Construction Inc."
"001J1000004ui1bIAA","Dickenson plc"
"001J1000004ui1cIAA","Grand Hotels & Resorts Ltd"
"001J1000004ui1dIAA","United Oil & Gas Corp."
"001J1000004ui1eIAA","Express Logistics and Transport"
"001J1000004ui1fIAA","University of Arizona"
"001J1000004ui1gIAA","United Oil & Gas, UK"
"001J1000004ui1hIAA","United Oil & Gas, Singapore"
"001J1000004ui1iIAA","GenePoint"
"001J1000004ui1jIAA","sForce"
"001J1000004ui1kIAA","Sample Account for Entitlements"
"001J1000004ui1lIAA","ARData"
"001J1000004ui1mIAA","TS"
"001J1000004ui2iIAA","Edge Communications"
"001J1000004ui2jIAA","Burlington Textiles Corp of America"
"001J1000004ui2kIAA","Pyramid Construction Inc."
"001J1000004ui2lIAA","Dickenson plc"
"001J1000004ui2mIAA","Grand Hotels & Resorts Ltd"
"001J1000004ui2nIAA","United Oil & Gas Corp."
"001J1000004ui2oIAA","Express Logistics and Transport"
"001J1000004ui2pIAA","University of Arizona"
"001J1000004ui2qIAA","United Oil & Gas, UK"
"001J1000004ui2rIAA","United Oil & Gas, Singapore"
"001J1000004ui2sIAA","GenePoint"
"001J1000004ui2tIAA","sForce"
"001J1000004ui2uIAA","Sample Account for Entitlements"
"001J1000004ui2vIAA","ARData"
"001J1000004ui2wIAA","TS"
"001J1000004ui32IAA","Grand Hotels & Resorts Ltd"
"001J1000004ui33IAA","United Oil & Gas Corp."
"001J1000004ui34IAA","Express Logistics and Transport"
"001J1000004ui35IAA","University of Arizona"
"001J1000004ui36IAA","United Oil & Gas, UK"
"001J1000004ui37IAA","United Oil & Gas, Singapore"
"001J1000004ui38IAA","GenePoint"
"001J1000004ui39IAA","sForce"
"001J1000004ui3AIAQ","Sample Account for Entitlements"
"001J1000004ui3BIAQ","ARData"
"001J1000004ui3CIAQ","TS"
